parsedpath,count
/,1169
/robots.txt,550
/pkg/js,289
/favicon.ico,223
/pkg/css,164
/images/snorkle_icon.png,99
/pkg/prelude.css,90
/stylesheets/styles.css,78
/pkg/prelude.js,74
/images/no-diving.png,64
/images/bootstrap/glyphicons-halflings-white.png,61
/images/yes-snorkeling.png,61
/images/screens/Screenshot_2016-08-31_07-24-27.png,60
/the-ordinary-power-of-olaps.html,60
/primus/,58
/sybil-implementation.html,57
/stylesheets/pygment_trac.css,51
/javascripts/scale.fix.js,48
/bi-grams-and-user-behavior.html,47
/images/screens/Screenshot_2016-08-31_07-30-50.png,45
/categorical-attribution.html,45
/images/screens/Screenshot_2016-08-31_07-32-23.png,44
/images/screens/Screenshot_2016-08-31_07-26-49.png,43
/images/screens/Screenshot_2016-08-31_07-25-05.png,42
/scripts/setup.php,40
/multi-season-exponential-smoothing.html,39
/distributed-notes.html,38
/stylesheets/pygments.css,38
/setup.html,37
/stylesheets/post.css,36
/login,34
/tour,31
/pkg/component,30
/schemaless-data.html,29
/scuba-vs-snorkel.html,27
/logv.html,26
/datasets,24
/images/screens/Screenshot_2016-08-31_07-29-37.png,23
/images/screens/Screenshot_2016-04-30_18-52-23.png,23
/images/screens/Screenshot_2016-08-31_07-26-25.png,23
/images/screens/Screenshot_2016-08-31_07-25-43.png,23
/%7Eokay/snorkel_gifs/demo.gif,23
/images/screens/Screenshot_2016-04-30_18-51-11.png,23
/images/screens/Screenshot_2016-08-31_07-32-51.png,23
/images/screens/Screenshot_2016-04-30_18-50-20.png,23
/images/screens/Screenshot_2016-04-30_18-51-55.png,23
/images/screens/Screenshot_2016-08-31_07-27-57.png,23
/images/screens/1264245_10201979227905947_1254692173_o.jpg,23
/images/screens/Screenshot_2016-08-31_07-33-23.png,23
/images/screens/Screenshot_2016-08-31_11-53-01.png,23
/images/screens/Screenshot_2016-08-31_11-50-13.png,23
/wp-login.php,22
/testproxy.php,21
/index.action,20
/releases/,20
/a2billing/common/javascript/misc.js,17
/wp-includes/wlwmanifest.xml,17
/manual_setup.html,16
/.well-known/apple-app-site-association,13
/releases/Snorkel-0.2.3-x86_64.AppImage,13
/releases/old/,13
/releases/Snorkel-0.3.2-x86_64.AppImage,13
/releases/Snorkel-0.4.0-x86_64.AppImage,13
/~okay/snorkel_gifs/forecasting.gif,12
/releases/old/Snorkel-0.2.1-x86_64.AppImage,12
/releases/old/snorkel_0.0.20_amd64.snap,12
/releases/Snorkel-0.3.1-x86_64.AppImage,12
/~okay/snorkel_gifs/table_to_time2.gif,11
/sitemap.xml,11
/~okay/snorkel_gifs/time_to_table.gif,11
/releases/old/snorkel_0.1.0_amd64.snap,11
/stylesheets/bootstrap.min.css,10
/releases/old/Snorkel-0.0.20-x86_64.AppImage,10
/manager/html,10
/phpmyadmin/scripts/setup.php,10
/releases/old/Snorkel-0.2.0-x86_64.AppImage,10
/releases/old/Snorkel-0.1.1b-x86_64.AppImage,10
/releases/old/Snorkel-0.2.2-x86_64.AppImage,10
/releases/old/Snorkel-0.2.1a-x86_64.AppImage,10
/releases/old/Snorkel-0.1.1-x86_64.AppImage,10
mstshash=Test,10
/~okay/snorkel_gifs/table_to_dist2.gif,10
/releases/old/Snorkel-0.2.0a-x86_64.AppImage,10
/releases/old/Snorkel-0.0.21-x86_64.AppImage,10
/ccvv,10
/releases/old/Snorkel-0.1.0-x86_64.AppImage,9
mstshash=Administr,9
/changelog.html,9
/images/snorkel/snorkel.png,9
/releases/old/Snorkel-0.1.1c-x86_x64.AppImage,9
/xmlrpc.php,8
/muieblackcat,8
/history.html,8
mstshash=hello,8
/releases/old/Snorkel-0.1.1a-x86_64.AppImage,8
/.well-known/assetlinks.json,7
/wordpress/wp-admin/,7
,7
/blog/wp-admin/,7
/test/wp-admin/,7
/wp-admin/,7
/images/snorkel/forecasting.png,7
/apple-app-site-association,7
/old/wp-admin/,6
/~okay/logv.html,6
/getcfg.php,6
/pma/scripts/setup.php,5
/wp/wp-admin/,5
/MyAdmin/scripts/setup.php,5
/phpMyAdmin/scripts/setup.php,5
/w00tw00t.at.blackhats.romanian.anti-sec:),5
/images/snorkel/bigrams.png,4
/static/grid12.css,4
/xxbb,4
/images/bootstrap/glyphicons-halflings.png,4
/recordings/index.php,4
/static/antfarm.css,4
/query,4
/x,4
/myadmin/scripts/setup.php,4
/mysql/scripts/setup.php,4
/pkg/socket,4
/mysqladmin/scripts/setup.php,4
/customer/templates/default/css/popup.css,4
/webdav,4
/wlwmanifest.xml,3
/admin/config.php,3
/moo,3
/dbadmin/scripts/setup.php,3
/db/scripts/setup.php,3
/a2billing/agent/Public/index.php,3
/static/css/fontello-embedded.css,3
/hndUnblock.cgi,3
/wordpress/wp-login.php,3
/images/snorkel/impact3.png,3
/static/css/icons.css,3
/tmUnblock.cgi,3
/index.html,3
/index.htm,3
/static/css/base.css,3
/wp/wp-login.php,3
/blog/wp-login.php,3
/images/snorkel/impact.png,3
/Robots.txt,2
/site/wp-includes/wlwmanifest.xml,2
/releases/Snorkel-0.5.0-x86_64.AppImage,2
/invoker/JMXInvokerServlet,2
/mysql/,2
/api/get_weather,2
/phpMyAdmin-2.11.11.3/scripts/setup.php,2
/dev/wp-login.php,2
/wp/wp-includes/wlwmanifest.xml,2
/pma2012/,2
/phpMyAdmin-2/scripts/setup.php,2
/PMA2012/,2
/backup/wp-login.php,2
/core/wp-login.php,2
/sdk,2
/blog/wp-includes/wlwmanifest.xml,2
/stssys.htm,2
/sftp-config.json,2
/pma2011/,2
/login.action,2
/SiteMap.xml,2
/phpmyadmin3/,2
/a,2
/index.jsp,2
/rom-0,2
/phpMyAdmin-2.11.11/scripts/setup.php,2
/phpmyadmin2/,2
/phpmyadmin,2
/command.php,2
/press/wp-login.php,2
/myblog/wp-login.php,2
/redirect.php,2
/HNAP1,2
/cms/wp-includes/wlwmanifest.xml,2
/phpMyAdmin-2.10.0.0/scripts/setup.php,2
/stagging/wp-login.php,2
/phpMyAdmin-3.0.0.0-all-languages/scripts/setup.php,2
/wordpress/wp-includes/wlwmanifest.xml,2
/apple-touch-icon.png,2
/article/wp-login.php,2
/index.php,2
/phpmyadmin4/,2
/administrator/index.php,2
/cgi/common.cgi,2
/old/wp-login.php,2
/krd.txt,2
/PMA2011/,2
/mail/calendar.html,1
/releases/Snorkel-0.5.1-x86_64.AppImage,1
/pic/dlink.jpg,1
/user/register,1
/webdb/scripts/setup.php,1
/dumper/main.php,1
/recordings/,1
/mysql-admin/scripts/setup.php,1
/Joomla/administrator/index.php,1
/nmaplowercheck1513160003,1
/blog/wp-admin/setup-config.php,1
/.,1
/msd1.24.4/main.php,1
/releases/Snorkel-0.2.0-x86_64.AppImage,1
/test/wp-admin/setup-config.php,1
/a2billing/admin/Public/index.php,1
/proxyjudge.php,1
/PMA2005/,1
/web-console/ServerInfo.jsp,1
/stalker_portal/server/adm/users/users-list-json,1
/tools/replace.php,1
45.79.78.223,1
/000000000000.cfg,1
/phpMyAdmin/import.php,1
/phpmanager/scripts/setup.php,1
/phpmy-admin/scripts/setup.php,1
/wp-content/plugins/woocommerce/vendor/phpunit/phpunit/src/Util/Filter.php,1
/nmaplowercheck1511401142,1
/cfg/000000000000.cfg,1
/releases/Snorkel-0.1.0-x86_64.AppImage,1
/mobile/,1
/dumper.php,1
/index_release.asp,1
M\xEF.\x07\x11\xDD\xB6,1
/sqlite/main.php,1
/yblotcawsaqtjo.html,1
/modules/simpleslideshow/uploadimage.php,1
/rep.php,1
/device_description.xml,1
/status,1
/sqlitemanager/main.php,1
/.git/HEAD,1
/pma/import.php,1
/user/,1
/evox/about,1
/mysqlmanager/scripts/setup.php,1
/Snorkel-x86_64.AppImage,1
/far.php,1
/releases/Snorkel-0.2.1-x86_64.AppImage,1
/msd/main.php,1
/stalker_portal/server/adm/tv-channels/iptv-list-json,1
/replace.php,1
/phpmyadmin/import.php,1
/tftp/,1
/sqlmanager/import.php,1
/wordpress/,1
/SQlite/main.php,1
/%70%68%70,1
/wordpress/wp-admin/setup-config.php,1
/datasets/edit,1
/mysqldumper/main.php,1
/myhutabjul.html,1
/SQLite/SQLiteManager-1.2.4/main.php,1
/blog/,1
/cms/administrator/index.php,1
/releases/Snorkel-0.1.1a-x86_64.AppImage,1
/php-myadmin/scripts/setup.php,1
/security.txt,1
/aivnmsfamkdzx.html,1
/mysql/import.php,1
/shell,1
/p/m/a/scripts/setup.php,1
/releases/snorkel_0.1.0_amd64.snap,1
/blog/robots.txt,1
/../vendor/phpunit/phpunit/src/Util/Filter.php,1
/webadmin/scripts/setup.php,1
/dumper/dumper.php,1
/wp/,1
/libraries/sfn.php,1
/ecgivrhhjxeoi.html,1
/CFIDE/administrator/,1
/PF.html,1
/cgi-bin/user/Config.cgi,1
/upload/bank-icons/bank-gh.jpg,1
(,1
12.2.1,1
/releases/Snorkel-0.0.21-x86_64.AppImage,1
/images/bootstrap/glyphicons-halflings-regular.woff,1
/tvailyzgqhxmsus.html,1
/SQLiteManager-1.2.4/main.php,1
/jenkins/script,1
/administrator/replace.php,1
/my/scripts/setup.php,1
\xFF@\xA3\xF9a((\x07\xC0y\xE2\x8D\x89\x16j{oT\xC4\xAA\xE0u\x95\x1A~\xA5\xAF^\x07\xEA\xA6\xFDo\x5CO]\x1B\x05\xD3\xDD\x93\x86\xC4\xEE\xB3H\x93\xCE\xE5\x80\xD9\xF6\xFC+\x14\xBCS\x11\x8C\x1E\xC5\xD8\xC4|\xC4hI\xE7\x15\xC9\x91p\xD6\x15\xCBe,1
/mysql/main.php,1
/script,1
/joomla/administrator/index.php,1
/myAdmin/scripts/setup.php,1
/sqladm/scripts/setup.php,1
/SQLiteManager/main.php,1
/wp/wp-admin/setup-config.php,1
/phpMyAdmin-2.10.0/scripts/setup.php,1
/releases/Snorkel-0.0.20-x86_64.AppImage,1
/releases/Snorkel-0.1.1b-x86_64.AppImage,1
/w00tw00t.at.ISC.SANS.DFind:),1
/old/wp-admin/setup-config.php,1